Satisfaction,Trust/Confidence,Effectiveness/Quality,UserGroup,Years,Region,Ease/Simplicity,Efficiency/Speed,Equity/Transparency,Helpfulness,Sector,ID
5,4,4,Group4,3-4 years,Region4,3,4,3,3,Manufacturing,2023-08-27_17:35:06-1
4,3,4,Group3,2-3 years,Region3,3,1,1,1,Manufacturing,2023-08-27_17:35:06-2
5,3,5,Group3,2-3 years,Region4,2,2,2,3,Manufacturing,2023-08-27_17:35:06-3
4,4,2,Group2,1-2 years,Region2,2,4,2,2,Manufacturing,2023-08-27_17:35:06-4
4,5,4,Group4,3-4 years,Region4,3,4,4,4,Manufacturing,2023-08-27_17:35:06-5
4,4,4,Group4,2-3 years,Region4,2,2,2,2,Construction,2023-08-27_17:35:06-6
5,5,5,Group3,3-4 years,Region5,4,4,4,4,Manufacturing,2023-08-27_17:35:06-7
3,4,3,Group3,2-3 years,Region3,1,3,3,3,"Professional, Scientific, and Technical Services",2023-08-27_17:35:06-8
4,4,4,Group4,3-4 years,Region4,4,4,4,4,Manufacturing,2023-08-27_17:35:06-9
3,3,4,Group2,1-2 years,Region3,3,3,3,2,Manufacturing,2023-08-27_17:35:06-10
4,4,4,Group3,3-4 years,Region4,1,4,4,3,Transportation and Warehousing,2023-08-27_17:35:06-11
4,5,4,Group4,4-5 years,Region5,5,5,5,5,Manufacturing,2023-08-27_17:35:06-12
5,4,5,Group4,4-5 years,Region3,4,3,3,2,Manufacturing,2023-08-27_17:35:06-13
5,5,5,Group4,3-4 years,Region5,5,5,5,3,Manufacturing,2023-08-27_17:35:06-14
4,5,5,Group4,3-4 years,Region4,3,4,2,3,"Professional, Scientific, and Technical Services",2023-08-27_17:35:06-15
4,5,5,Group3,3-4 years,Region3,3,4,3,2,Transportation and Warehousing,2023-08-27_17:35:06-16
3,3,3,Group3,2-3 years,Region3,3,2,3,3,Utilities,2023-08-27_17:35:06-17
4,4,4,Group3,3-4 years,Region3,2,4,1,1,Administrative and Support and Waste Management and Remediation Services,2023-08-27_17:35:06-18
5,5,5,Group4,4-5 years,Region5,4,5,3,5,Manufacturing,2023-08-27_17:35:06-19
3,4,3,Group3,1-2 years,Region3,4,2,4,4,Manufacturing,2023-08-27_17:35:06-20
4,3,5,Group2,1-2 years,Region4,1,1,1,2,"Professional, Scientific, and Technical Services",2023-08-27_17:35:06-21
4,5,5,Group5,4-5 years,Region5,4,5,4,2,Manufacturing,2023-08-27_17:35:06-22
5,3,4,Group4,2-3 years,Region4,2,2,2,1,Transportation and Warehousing,2023-08-27_17:35:06-23
4,4,4,Group3,4-5 years,Region5,1,3,2,1,Manufacturing,2023-08-27_17:35:06-24
4,3,4,Group4,3-4 years,Region4,2,2,2,2,"Professional, Scientific, and Technical Services",2023-08-27_17:35:06-25
4,4,4,Group5,3-4 years,Region3,3,5,3,3,Manufacturing,2023-08-27_17:35:06-26
4,5,4,Group4,2-3 years,Region2,3,3,4,4,Manufacturing,2023-08-27_17:35:06-27
5,4,4,Group4,1-2 years,Region4,2,4,2,2,Manufacturing,2023-08-27_17:35:06-28
3,4,4,Group4,3-4 years,Region4,4,5,4,4,"Professional, Scientific, and Technical Services",2023-08-27_17:35:06-29
5,4,5,Group4,3-4 years,Region5,4,4,4,4,Manufacturing,2023-08-27_17:35:06-30
4,4,3,Group2,1-2 years,Region2,1,1,1,1,Manufacturing,2023-08-27_17:35:06-31
4,4,4,Group3,2-3 years,Region3,3,3,3,4,Manufacturing,2023-08-27_17:35:06-32
4,5,4,Group4,3-4 years,Region5,5,2,2,2,Manufacturing,2023-08-27_17:35:06-33
4,5,4,Group4,2-3 years,Region3,3,2,2,3,"Professional, Scientific, and Technical Services",2023-08-27_17:35:06-34
4,5,4,Group4,2-3 years,Region4,4,5,4,4,Manufacturing,2023-08-27_17:35:06-35
3,5,4,Group4,3-4 years,Region4,4,2,4,3,Construction,2023-08-27_17:35:06-36
5,4,5,Group4,4-5 years,Region5,3,3,3,1,Management of Companies and Enterprises,2023-08-27_17:35:06-37
4,4,4,Group3,0-1 years,Region3,3,4,2,2,Manufacturing,2023-08-27_17:35:06-38
3,4,3,Group4,2-3 years,Region4,2,4,2,2,Manufacturing,2023-08-27_17:35:06-39
5,5,5,Group5,4-5 years,Region5,2,2,3,2,"Agriculture, Forestry, Fishing and Hunting",2023-08-27_17:35:06-40
4,2,3,Group2,2-3 years,Region4,4,2,4,3,Manufacturing,2023-08-27_17:35:06-41
4,4,3,Group2,1-2 years,Region2,2,4,3,3,Construction,2023-08-27_17:35:06-42
3,4,4,Group3,2-3 years,Region4,4,3,2,2,Other Services (except Public Administration),2023-08-27_17:35:06-43
4,5,5,Group5,3-4 years,Region5,4,4,4,4,"Agriculture, Forestry, Fishing and Hunting",2023-08-27_17:35:06-44
4,4,3,Group4,2-3 years,Region4,3,1,3,1,Administrative and Support and Waste Management and Remediation Services,2023-08-27_17:35:06-45
3,3,3,Group3,2-3 years,Region3,2,4,2,2,Manufacturing,2023-08-27_17:35:06-46
5,4,4,Group5,2-3 years,Region4,3,4,3,3,Manufacturing,2023-08-27_17:35:06-47
4,4,4,Group2,1-2 years,Region3,4,2,3,4,Transportation and Warehousing,2023-08-27_17:35:06-48
4,5,3,Group4,3-4 years,Region4,2,2,2,2,Manufacturing,2023-08-27_17:35:06-49
4,4,3,Group4,2-3 years,Region4,2,3,2,3,Manufacturing,2023-08-27_17:35:06-50
3,4,4,Group2,2-3 years,Region4,1,4,2,3,Transportation and Warehousing,2023-08-27_17:35:06-51
2,3,2,Group2,1-2 years,Region2,2,2,2,2,Manufacturing,2023-08-27_17:35:06-52
4,4,2,Group2,1-2 years,Region2,2,2,2,2,Manufacturing,2023-08-27_17:35:06-53
5,5,5,Group3,3-4 years,Region3,2,2,2,2,Manufacturing,2023-08-27_17:35:06-54
3,4,4,Group2,2-3 years,Region3,2,3,2,3,Manufacturing,2023-08-27_17:35:06-55
5,4,4,Group5,3-4 years,Region5,3,4,4,4,Utilities,2023-08-27_17:35:06-56
4,3,4,Group3,2-3 years,Region3,1,3,3,3,Manufacturing,2023-08-27_17:35:06-57
3,4,4,Group3,2-3 years,Region3,1,2,1,3,Administrative and Support and Waste Management and Remediation Services,2023-08-27_17:35:06-58
4,4,3,Group2,2-3 years,Region4,3,4,3,4,Manufacturing,2023-08-27_17:35:06-59
3,3,3,Group3,1-2 years,Region3,3,2,2,3,Manufacturing,2023-08-27_17:35:06-60
4,4,4,Group3,2-3 years,Region3,3,3,4,3,Manufacturing,2023-08-27_17:35:06-61
5,5,5,Group5,4-5 years,Region5,5,5,4,4,Educational Services,2023-08-27_17:35:06-62
4,3,2,Group2,2-3 years,Region4,3,5,3,2,Manufacturing,2023-08-27_17:35:06-63
3,3,3,Group3,1-2 years,Region2,2,2,2,2,Manufacturing,2023-08-27_17:35:06-64
4,4,3,Group2,2-3 years,Region4,3,3,3,3,Manufacturing,2023-08-27_17:35:06-65
4,4,4,Group3,2-3 years,Region4,2,2,2,2,Manufacturing,2023-08-27_17:35:06-66
3,4,4,Group2,2-3 years,Region4,2,2,3,4,Construction,2023-08-27_17:35:06-67
3,4,4,Group3,1-2 years,Region2,2,4,2,2,Administrative and Support and Waste Management and Remediation Services,2023-08-27_17:35:06-68
3,2,4,Group3,1-2 years,Region2,2,2,2,2,Manufacturing,2023-08-27_17:35:06-69
4,2,3,Group3,3-4 years,Region4,1,2,2,2,Manufacturing,2023-08-27_17:35:06-70
3,4,3,Group3,2-3 years,Region3,2,2,2,2,Manufacturing,2023-08-27_17:35:06-71
5,4,4,Group3,2-3 years,Region3,2,2,2,4,Manufacturing,2023-08-27_17:35:06-72
4,4,3,Group4,2-3 years,Region4,2,2,2,1,Construction,2023-08-27_17:35:06-73
4,4,3,Group3,2-3 years,Region2,1,2,2,3,Manufacturing,2023-08-27_17:35:06-74
4,5,4,Group3,2-3 years,Region4,2,2,2,2,Transportation and Warehousing,2023-08-27_17:35:06-75
3,4,3,Group2,4-5 years,Region4,4,3,2,3,Administrative and Support and Waste Management and Remediation Services,2023-08-27_17:35:06-76
4,4,5,Group4,3-4 years,Region4,3,3,3,4,Construction,2023-08-27_17:35:06-77
3,4,3,Group3,1-2 years,Region2,2,2,2,2,Transportation and Warehousing,2023-08-27_17:35:06-78
5,5,5,Group5,4-5 years,Region5,4,2,2,3,Administrative and Support and Waste Management and Remediation Services,2023-08-27_17:35:06-79
5,4,4,Group4,3-4 years,Region5,4,5,4,2,Administrative and Support and Waste Management and Remediation Services,2023-08-27_17:35:06-80
4,4,3,Group3,2-3 years,Region3,3,2,3,3,Manufacturing,2023-08-27_17:35:06-81
3,3,4,Group2,1-2 years,Region2,2,2,1,3,Manufacturing,2023-08-27_17:35:06-82
4,4,4,Group4,2-3 years,Region3,2,1,2,2,Other Services (except Public Administration),2023-08-27_17:35:06-83
4,4,3,Group3,2-3 years,Region3,2,2,3,3,Other Services (except Public Administration),2023-08-27_17:35:06-84
4,4,4,Group2,3-4 years,Region4,2,5,2,3,Administrative and Support and Waste Management and Remediation Services,2023-08-27_17:35:06-85
4,4,4,Group3,2-3 years,Region4,4,4,4,4,Administrative and Support and Waste Management and Remediation Services,2023-08-27_17:35:06-86
5,4,5,Group5,3-4 years,Region5,2,4,3,2,Administrative and Support and Waste Management and Remediation Services,2023-08-27_17:35:06-87
5,4,4,Group5,4-5 years,Region5,3,4,4,2,Manufacturing,2023-08-27_17:35:06-88
5,5,5,Group4,3-4 years,Region4,3,4,5,4,Construction,2023-08-27_17:35:06-89
5,5,5,Group5,4-5 years,Region5,5,5,5,4,"Mining, Quarrying, and Oil and Gas Extraction",2023-08-27_17:35:06-90
4,4,4,Group4,3-4 years,Region4,1,1,1,1,Manufacturing,2023-08-27_17:35:06-91
4,4,4,Group5,3-4 years,Region4,4,5,3,3,Construction,2023-08-27_17:35:06-92
4,5,3,Group4,3-4 years,Region5,2,2,1,2,Manufacturing,2023-08-27_17:35:06-93
5,4,4,Group3,2-3 years,Region4,2,2,2,2,Construction,2023-08-27_17:35:06-94
4,5,5,Group4,2-3 years,Region4,3,2,3,2,Health Care and Social Assistance,2023-08-27_17:35:06-95
4,4,4,Group4,1-2 years,Region4,4,5,2,4,Health Care and Social Assistance,2023-08-27_17:35:06-96
4,5,4,Group3,2-3 years,Region3,3,4,4,2,Manufacturing,2023-08-27_17:35:06-97
4,4,4,Group3,1-2 years,Region3,3,2,2,3,Manufacturing,2023-08-27_17:35:06-98
3,4,4,Group3,1-2 years,Region3,2,2,2,2,Manufacturing,2023-08-27_17:35:06-99
4,4,3,Group1,2-3 years,Region2,1,2,2,3,Manufacturing,2023-08-27_17:35:06-100
4,5,4,Group4,4-5 years,Region3,5,2,4,4,Manufacturing,2023-08-27_17:35:06-101
3,1,3,Group3,2-3 years,Region3,2,2,2,2,Manufacturing,2023-08-27_17:35:06-102
4,4,3,Group4,3-4 years,Region4,2,4,2,2,Construction,2023-08-27_17:35:06-103
4,4,3,Group4,2-3 years,Region4,3,4,3,3,Manufacturing,2023-08-27_17:35:06-104
3,4,3,Group3,3-4 years,Region3,2,1,1,2,"Professional, Scientific, and Technical Services",2023-08-27_17:35:06-105
5,4,4,Group3,2-3 years,Region4,4,4,3,2,Manufacturing,2023-08-27_17:35:06-106
3,3,3,Group4,1-2 years,Region4,2,3,3,3,Manufacturing,2023-08-27_17:35:06-107
4,4,4,Group3,2-3 years,Region4,2,2,1,2,Transportation and Warehousing,2023-08-27_17:35:06-108
5,5,4,Group4,3-4 years,Region4,4,5,4,4,Manufacturing,2023-08-27_17:35:06-109
3,4,2,Group3,3-4 years,Region3,3,3,3,3,Manufacturing,2023-08-27_17:35:06-110
4,4,3,Group3,2-3 years,Region3,2,3,3,3,Manufacturing,2023-08-27_17:35:06-111
4,4,4,Group4,3-4 years,Region4,3,3,3,3,"Professional, Scientific, and Technical Services",2023-08-27_17:35:06-112
4,4,4,Group3,3-4 years,Region3,3,2,2,2,Transportation and Warehousing,2023-08-27_17:35:06-113
3,4,4,Group3,2-3 years,Region2,2,2,2,3,Utilities,2023-08-27_17:35:06-114
3,5,4,Group3,1-2 years,Region3,2,2,3,1,Administrative and Support and Waste Management and Remediation Services,2023-08-27_17:35:06-115
5,3,3,Group2,1-2 years,Region2,2,2,2,2,Manufacturing,2023-08-27_17:35:06-116
4,4,4,Group4,3-4 years,Region3,4,4,4,4,Manufacturing,2023-08-27_17:35:06-117
5,5,5,Group2,2-3 years,Region4,3,3,3,3,"Professional, Scientific, and Technical Services",2023-08-27_17:35:06-118
4,5,4,Group4,4-5 years,Region5,3,5,3,3,Manufacturing,2023-08-27_17:35:06-119
4,4,5,Group3,1-2 years,Region4,2,3,3,3,Transportation and Warehousing,2023-08-27_17:35:06-120
5,5,5,Group3,0-1 years,Region4,1,1,1,3,Manufacturing,2023-08-27_17:35:06-121
3,5,3,Group3,2-3 years,Region3,1,1,2,3,"Professional, Scientific, and Technical Services",2023-08-27_17:35:06-122
4,4,4,Group2,2-3 years,Region4,3,3,3,3,Manufacturing,2023-08-27_17:35:06-123
4,3,4,Group3,2-3 years,Region4,3,2,3,2,Manufacturing,2023-08-27_17:35:06-124
5,5,5,Group4,3-4 years,Region4,5,4,4,4,Manufacturing,2023-08-27_17:35:06-125
3,4,4,Group2,2-3 years,Region3,4,3,4,4,"Professional, Scientific, and Technical Services",2023-08-27_17:35:06-126
2,2,2,Group3,1-2 years,Region1,1,2,1,2,Manufacturing,2023-08-27_17:35:06-127
4,4,5,Group4,3-4 years,Region5,4,2,4,4,Manufacturing,2023-08-27_17:35:06-128
4,3,5,Group4,3-4 years,Region4,3,2,2,4,Manufacturing,2023-08-27_17:35:06-129
4,3,3,Group2,1-2 years,Region3,2,1,2,2,Manufacturing,2023-08-27_17:35:06-130
4,4,2,Group2,0-1 years,Region3,1,1,1,2,"Professional, Scientific, and Technical Services",2023-08-27_17:35:06-131
4,3,3,Group2,1-2 years,Region3,2,2,2,4,Manufacturing,2023-08-27_17:35:06-132
4,2,3,Group2,2-3 years,Region3,2,2,2,3,Construction,2023-08-27_17:35:06-133
4,4,4,Group4,2-3 years,Region5,4,4,5,4,Management of Companies and Enterprises,2023-08-27_17:35:06-134
4,4,4,Group5,3-4 years,Region5,3,4,3,3,Manufacturing,2023-08-27_17:35:06-135
5,4,4,Group3,2-3 years,Region4,3,3,3,4,Manufacturing,2023-08-27_17:35:06-136
4,3,4,Group2,2-3 years,Region3,2,2,3,2,"Agriculture, Forestry, Fishing and Hunting",2023-08-27_17:35:06-137
4,4,4,Group3,2-3 years,Region3,4,4,4,4,Manufacturing,2023-08-27_17:35:06-138
4,4,3,Group4,2-3 years,Region3,2,2,2,2,Construction,2023-08-27_17:35:06-139
5,4,4,Group5,3-4 years,Region5,2,2,2,2,Other Services (except Public Administration),2023-08-27_17:35:06-140
4,4,4,Group2,1-2 years,Region4,2,2,2,4,"Agriculture, Forestry, Fishing and Hunting",2023-08-27_17:35:06-141
5,5,5,Group5,4-5 years,Region5,2,4,4,3,Administrative and Support and Waste Management and Remediation Services,2023-08-27_17:35:06-142
4,3,3,Group2,1-2 years,Region2,2,2,2,2,Manufacturing,2023-08-27_17:35:06-143
4,4,3,Group2,3-4 years,Region4,4,2,2,3,Manufacturing,2023-08-27_17:35:06-144
4,5,5,Group4,2-3 years,Region4,3,3,3,3,Transportation and Warehousing,2023-08-27_17:35:06-145
4,5,4,Group3,3-4 years,Region3,2,4,3,5,Manufacturing,2023-08-27_17:35:06-146
4,4,4,Group2,3-4 years,Region4,2,2,2,2,Manufacturing,2023-08-27_17:35:06-147
4,3,4,Group3,2-3 years,Region3,4,2,2,3,Transportation and Warehousing,2023-08-27_17:35:06-148
5,5,5,Group5,4-5 years,Region5,5,4,4,4,Manufacturing,2023-08-27_17:35:06-149
4,3,3,Group3,2-3 years,Region4,2,2,2,2,Manufacturing,2023-08-27_17:35:06-150
3,3,4,Group3,2-3 years,Region3,3,4,3,3,Manufacturing,2023-08-27_17:35:06-151
4,2,4,Group2,3-4 years,Region4,2,3,2,3,Manufacturing,2023-08-27_17:35:06-152
4,4,4,Group4,2-3 years,Region5,3,5,3,3,Utilities,2023-08-27_17:35:06-153
4,4,4,Group4,2-3 years,Region4,2,4,2,2,Manufacturing,2023-08-27_17:35:06-154
1,1,1,Group3,1-2 years,Region2,2,2,2,2,Administrative and Support and Waste Management and Remediation Services,2023-08-27_17:35:06-155
4,3,3,Group4,2-3 years,Region3,4,4,4,3,Manufacturing,2023-08-27_17:35:06-156
4,4,4,Group3,2-3 years,Region3,2,3,3,3,Manufacturing,2023-08-27_17:35:06-157
4,4,4,Group3,2-3 years,Region3,3,4,4,4,Manufacturing,2023-08-27_17:35:06-158
4,4,4,Group3,3-4 years,Region4,3,4,4,4,Educational Services,2023-08-27_17:35:06-159
3,4,3,Group3,2-3 years,Region3,2,2,2,3,Manufacturing,2023-08-27_17:35:06-160
2,4,2,Group3,2-3 years,Region3,2,2,2,4,Manufacturing,2023-08-27_17:35:06-161
4,5,2,Group1,2-3 years,Region3,2,2,2,3,Manufacturing,2023-08-27_17:35:06-162
4,4,4,Group3,3-4 years,Region3,2,2,4,4,Manufacturing,2023-08-27_17:35:06-163
4,4,4,Group4,3-4 years,Region4,3,4,4,4,Construction,2023-08-27_17:35:06-164
4,5,5,Group2,3-4 years,Region4,1,2,3,2,Administrative and Support and Waste Management and Remediation Services,2023-08-27_17:35:06-165
5,4,5,Group4,3-4 years,Region5,3,4,3,3,Manufacturing,2023-08-27_17:35:06-166
5,4,4,Group4,3-4 years,Region5,2,2,2,1,Manufacturing,2023-08-27_17:35:06-167
4,4,4,Group2,2-3 years,Region3,2,2,2,2,Manufacturing,2023-08-27_17:35:06-168
3,4,3,Group3,2-3 years,Region3,2,2,1,1,Manufacturing,2023-08-27_17:35:06-169
4,5,4,Group3,4-5 years,Region5,2,1,2,2,Construction,2023-08-27_17:35:06-170
4,4,3,Group3,3-4 years,Region4,2,3,3,4,Manufacturing,2023-08-27_17:35:06-171
4,3,3,Group2,1-2 years,Region2,2,2,2,2,Transportation and Warehousing,2023-08-27_17:35:06-172
4,4,4,Group5,3-4 years,Region4,4,3,3,1,Administrative and Support and Waste Management and Remediation Services,2023-08-27_17:35:06-173
3,4,3,Group3,2-3 years,Region4,2,2,2,2,Construction,2023-08-27_17:35:06-174
4,5,4,Group3,2-3 years,Region3,3,3,3,3,Transportation and Warehousing,2023-08-27_17:35:06-175
4,4,4,Group5,3-4 years,Region4,4,5,4,3,Administrative and Support and Waste Management and Remediation Services,2023-08-27_17:35:06-176
3,4,3,Group3,2-3 years,Region4,3,4,2,4,Administrative and Support and Waste Management and Remediation Services,2023-08-27_17:35:06-177
4,4,4,Group3,2-3 years,Region3,3,2,3,3,Manufacturing,2023-08-27_17:35:06-178
3,3,3,Group2,3-4 years,Region4,3,3,2,3,Manufacturing,2023-08-27_17:35:06-179
4,4,4,Group4,2-3 years,Region3,3,3,3,3,Other Services (except Public Administration),2023-08-27_17:35:06-180
5,5,4,Group3,2-3 years,Region4,2,4,3,2,Other Services (except Public Administration),2023-08-27_17:35:06-181
4,2,4,Group2,2-3 years,Region3,3,4,3,3,Administrative and Support and Waste Management and Remediation Services,2023-08-27_17:35:06-182
2,4,4,Group3,3-4 years,Region5,2,1,3,3,Administrative and Support and Waste Management and Remediation Services,2023-08-27_17:35:06-183
5,4,5,Group3,2-3 years,Region3,2,3,2,4,Administrative and Support and Waste Management and Remediation Services,2023-08-27_17:35:06-184
4,4,4,Group2,2-3 years,Region3,2,2,2,3,Manufacturing,2023-08-27_17:35:06-185
4,3,4,Group3,2-3 years,Region3,3,3,3,2,Construction,2023-08-27_17:35:06-186
4,4,2,Group3,2-3 years,Region2,1,2,1,3,"Mining, Quarrying, and Oil and Gas Extraction",2023-08-27_17:35:06-187
5,5,4,Group3,2-3 years,Region4,1,4,2,3,Manufacturing,2023-08-27_17:35:06-188
4,4,3,Group4,2-3 years,Region3,2,2,2,4,Construction,2023-08-27_17:35:06-189
4,3,3,Group2,2-3 years,Region3,3,2,2,2,Manufacturing,2023-08-27_17:35:06-190
3,4,3,Group2,0-1 years,Region2,1,1,1,4,Construction,2023-08-27_17:35:06-191
2,2,4,Group2,2-3 years,Region3,3,2,3,4,Health Care and Social Assistance,2023-08-27_17:35:06-192
4,4,4,Group3,2-3 years,Region3,2,3,2,2,Health Care and Social Assistance,2023-08-27_17:35:06-193
4,3,2,Group2,2-3 years,Region4,2,2,2,2,Manufacturing,2023-08-27_17:35:06-194
4,5,5,Group3,2-3 years,Region3,3,4,3,3,Other Services (except Public Administration),2023-08-27_17:35:06-195
4,4,3,Group3,2-3 years,Region2,1,1,1,1,Other Services (except Public Administration),2023-08-27_17:35:06-196
5,5,5,Group5,4-5 years,Region5,5,5,3,3,Administrative and Support and Waste Management and Remediation Services,2023-08-27_17:35:06-197
4,3,4,Group2,2-3 years,Region3,3,2,2,4,Administrative and Support and Waste Management and Remediation Services,2023-08-27_17:35:06-198
4,5,4,Group4,3-4 years,Region4,3,3,3,2,Administrative and Support and Waste Management and Remediation Services,2023-08-27_17:35:06-199
3,1,1,Group3,2-3 years,Region2,1,1,1,1,Manufacturing,2023-08-27_17:35:06-200
4,4,4,Group3,2-3 years,Region3,3,3,3,4,Construction,2023-08-27_17:35:06-201
4,3,4,Group3,2-3 years,Region3,3,2,4,3,"Mining, Quarrying, and Oil and Gas Extraction",2023-08-27_17:35:06-202
2,4,2,Group4,1-2 years,Region2,2,2,2,2,Manufacturing,2023-08-27_17:35:06-203
3,2,2,Group2,2-3 years,Region2,2,2,2,2,Construction,2023-08-27_17:35:06-204
3,4,3,Group3,1-2 years,Region2,3,2,3,2,Manufacturing,2023-08-27_17:35:06-205
5,5,4,Group3,2-3 years,Region3,4,5,4,4,Construction,2023-08-27_17:35:06-206
3,3,3,Group3,1-2 years,Region2,2,3,3,3,Health Care and Social Assistance,2023-08-27_17:35:06-207
4,5,4,Group4,4-5 years,Region4,2,5,4,4,Health Care and Social Assistance,2023-08-27_17:35:06-208
4,3,4,Group2,2-3 years,Region2,2,2,2,3,Manufacturing,2023-08-27_17:35:06-209
3,3,2,Group3,2-3 years,Region4,2,2,2,1,Other Services (except Public Administration),2023-08-27_17:35:06-210
4,3,4,Group2,1-2 years,Region3,3,2,2,3,Other Services (except Public Administration),2023-08-27_17:35:06-211
3,4,3,Group3,2-3 years,Region3,3,3,3,3,Administrative and Support and Waste Management and Remediation Services,2023-08-27_17:35:06-212
4,4,5,Group3,2-3 years,Region4,3,2,3,4,Administrative and Support and Waste Management and Remediation Services,2023-08-27_17:35:06-213
4,4,3,Group2,1-2 years,Region2,2,2,2,2,Administrative and Support and Waste Management and Remediation Services,2023-08-27_17:35:06-214
4,4,4,Group3,2-3 years,Region3,3,2,2,2,Manufacturing,2023-08-27_17:35:06-215
4,4,4,Group4,3-4 years,Region5,3,4,2,4,Construction,2023-08-27_17:35:06-216
4,4,3,Group3,1-2 years,Region3,2,4,4,3,"Mining, Quarrying, and Oil and Gas Extraction",2023-08-27_17:35:06-217
4,2,3,Group2,1-2 years,Region3,2,4,3,3,Manufacturing,2023-08-27_17:35:06-218
3,4,3,Group3,2-3 years,Region3,3,3,3,3,Construction,2023-08-27_17:35:06-219
4,3,3,Group3,2-3 years,Region4,2,3,2,2,Manufacturing,2023-08-27_17:35:06-220
4,4,4,Group3,1-2 years,Region2,2,2,2,2,Construction,2023-08-27_17:35:06-221
4,4,3,Group2,1-2 years,Region3,2,4,4,4,Health Care and Social Assistance,2023-08-27_17:35:06-222
4,3,4,Group3,2-3 years,Region3,2,3,2,3,Health Care and Social Assistance,2023-08-27_17:35:06-223
5,5,5,Group3,4-5 years,Region4,5,4,3,3,Manufacturing,2023-08-27_17:35:06-224
3,4,4,Group2,2-3 years,Region3,2,1,2,1,Manufacturing,2023-08-27_17:35:06-225
5,5,5,Group4,3-4 years,Region4,4,5,5,4,Manufacturing,2023-08-27_17:35:06-226
4,4,4,Group3,3-4 years,Region4,3,4,3,3,Manufacturing,2023-08-27_17:35:06-227
4,5,4,Group3,2-3 years,Region4,2,3,2,2,Manufacturing,2023-08-27_17:35:06-228
2,4,3,Group3,2-3 years,Region3,4,2,2,2,Manufacturing,2023-08-27_17:35:06-229
4,4,4,Group3,2-3 years,Region4,2,3,4,3,Construction,2023-08-27_17:35:06-230
4,4,4,Group3,3-4 years,Region3,2,4,3,2,Manufacturing,2023-08-27_17:35:06-231
3,4,3,Group3,3-4 years,Region4,3,2,2,3,"Professional, Scientific, and Technical Services",2023-08-27_17:35:06-232
4,4,4,Group3,2-3 years,Region2,2,3,3,3,Manufacturing,2023-08-27_17:35:06-233
4,5,5,Group5,3-4 years,Region5,3,4,4,3,Manufacturing,2023-08-27_17:35:06-234
4,4,4,Group3,2-3 years,Region3,2,2,2,2,Transportation and Warehousing,2023-08-27_17:35:06-235
4,4,4,Group3,1-2 years,Region3,2,2,2,3,Manufacturing,2023-08-27_17:35:06-236
4,4,4,Group3,2-3 years,Region4,3,4,3,4,Manufacturing,2023-08-27_17:35:06-237
4,4,4,Group2,1-2 years,Region5,2,4,2,4,Manufacturing,2023-08-27_17:35:06-238
5,5,5,Group5,3-4 years,Region4,3,3,3,2,"Professional, Scientific, and Technical Services",2023-08-27_17:35:06-239
5,5,4,Group3,2-3 years,Region3,2,2,2,3,Transportation and Warehousing,2023-08-27_17:35:06-240
3,2,2,Group2,0-1 years,Region1,1,1,1,2,Utilities,2023-08-27_17:35:06-241
4,4,4,Group3,1-2 years,Region2,2,2,2,2,Administrative and Support and Waste Management and Remediation Services,2023-08-27_17:35:06-242
3,3,3,Group2,2-3 years,Region3,4,4,4,4,Manufacturing,2023-08-27_17:35:06-243
4,4,4,Group5,1-2 years,Region3,2,2,2,2,Manufacturing,2023-08-27_17:35:06-244
4,4,4,Group3,1-2 years,Region3,3,2,2,1,"Professional, Scientific, and Technical Services",2023-08-27_17:35:06-245
4,4,4,Group3,2-3 years,Region3,2,3,3,3,Manufacturing,2023-08-27_17:35:06-246
5,4,4,Group4,2-3 years,Region5,5,4,4,3,Transportation and Warehousing,2023-08-27_17:35:06-247
4,4,4,Group4,2-3 years,Region4,3,3,3,4,Manufacturing,2023-08-27_17:35:06-248
4,4,4,Group3,1-2 years,Region2,2,2,2,2,"Professional, Scientific, and Technical Services",2023-08-27_17:35:06-249
4,4,3,Group3,3-4 years,Region4,4,4,4,3,Manufacturing,2023-08-27_17:35:06-250
4,4,4,Group4,3-4 years,Region4,4,4,4,4,Manufacturing,2023-08-27_17:35:06-251
4,4,4,Group3,1-2 years,Region2,3,3,2,2,Manufacturing,2023-08-27_17:35:06-252
3,4,4,Group2,1-2 years,Region2,2,2,3,3,"Professional, Scientific, and Technical Services",2023-08-27_17:35:06-253
4,4,3,Group3,1-2 years,Region4,3,4,3,2,Manufacturing,2023-08-27_17:35:06-254
4,4,3,Group2,1-2 years,Region3,2,2,2,3,Manufacturing,2023-08-27_17:35:06-255
4,5,5,Group4,4-5 years,Region4,2,4,3,3,Manufacturing,2023-08-27_17:35:06-256
4,3,4,Group4,2-3 years,Region4,2,3,1,2,Manufacturing,2023-08-27_17:35:06-257
5,5,5,Group4,3-4 years,Region3,2,2,2,2,"Professional, Scientific, and Technical Services",2023-08-27_17:35:06-258
4,5,4,Group3,3-4 years,Region4,2,3,3,3,Manufacturing,2023-08-27_17:35:06-259
4,4,4,Group2,3-4 years,Region4,5,4,4,3,Construction,2023-08-27_17:35:06-260
4,4,4,Group3,3-4 years,Region4,4,5,4,4,Management of Companies and Enterprises,2023-08-27_17:35:06-261
4,4,4,Group1,3-4 years,Region2,2,2,2,4,Manufacturing,2023-08-27_17:35:06-262
4,3,4,Group3,2-3 years,Region3,3,3,3,3,Manufacturing,2023-08-27_17:35:06-263
4,3,4,Group2,2-3 years,Region3,3,4,3,4,"Agriculture, Forestry, Fishing and Hunting",2023-08-27_17:35:06-264
2,2,3,Group2,1-2 years,Region2,3,3,3,2,Manufacturing,2023-08-27_17:35:06-265
4,5,5,Group4,3-4 years,Region2,2,2,2,2,Construction,2023-08-27_17:35:06-266
5,5,3,Group4,2-3 years,Region3,3,3,3,3,Other Services (except Public Administration),2023-08-27_17:35:06-267
4,4,3,Group2,1-2 years,Region2,2,2,2,2,"Agriculture, Forestry, Fishing and Hunting",2023-08-27_17:35:06-268
3,4,4,Group3,2-3 years,Region3,4,2,2,3,Administrative and Support and Waste Management and Remediation Services,2023-08-27_17:35:06-269
4,2,3,Group3,2-3 years,Region3,4,2,4,4,Manufacturing,2023-08-27_17:35:06-270
4,3,4,Group3,2-3 years,Region3,3,3,3,3,Manufacturing,2023-08-27_17:35:06-271
4,4,4,Group2,4-5 years,Region5,4,4,4,4,Transportation and Warehousing,2023-08-27_17:35:06-272
4,4,4,Group3,3-4 years,Region3,1,2,3,3,Manufacturing,2023-08-27_17:35:06-273
4,4,3,Group2,2-3 years,Region2,2,2,2,2,Manufacturing,2023-08-27_17:35:06-274
4,5,4,Group3,1-2 years,Region2,2,2,2,3,Transportation and Warehousing,2023-08-27_17:35:06-275
3,4,3,Group4,2-3 years,Region3,3,4,3,3,Manufacturing,2023-08-27_17:35:06-276
5,4,4,Group4,4-5 years,Region5,2,5,4,4,Manufacturing,2023-08-27_17:35:06-277
4,4,4,Group4,3-4 years,Region3,3,2,1,1,Manufacturing,2023-08-27_17:35:06-278
4,4,4,Group3,2-3 years,Region3,2,5,2,3,Manufacturing,2023-08-27_17:35:06-279
4,4,5,Group3,2-3 years,Region4,2,4,3,2,Utilities,2023-08-27_17:35:06-280
5,4,5,Group4,3-4 years,Region5,4,4,2,3,Manufacturing,2023-08-27_17:35:06-281
3,4,4,Group3,2-3 years,Region4,4,3,3,3,Administrative and Support and Waste Management and Remediation Services,2023-08-27_17:35:06-282
4,3,5,Group4,2-3 years,Region2,1,1,1,1,Manufacturing,2023-08-27_17:35:06-283
3,3,3,Group4,2-3 years,Region4,4,3,3,3,Manufacturing,2023-08-27_17:35:06-284
4,4,3,Group2,2-3 years,Region4,2,3,3,4,Manufacturing,2023-08-27_17:35:06-285
3,2,3,Group4,2-3 years,Region5,3,3,2,3,Educational Services,2023-08-27_17:35:06-286
4,4,5,Group3,2-3 years,Region4,3,4,3,2,Manufacturing,2023-08-27_17:35:06-287
4,4,3,Group4,1-2 years,Region3,1,1,3,3,Manufacturing,2023-08-27_17:35:06-288
5,4,4,Group5,4-5 years,Region5,5,5,5,5,Manufacturing,2023-08-27_17:35:06-289
4,4,3,Group4,2-3 years,Region5,3,4,4,4,Manufacturing,2023-08-27_17:35:06-290
4,5,5,Group4,3-4 years,Region3,2,3,2,1,Construction,2023-08-27_17:35:06-291
3,4,4,Group1,2-3 years,Region3,1,3,2,1,Administrative and Support and Waste Management and Remediation Services,2023-08-27_17:35:06-292
5,5,4,Group4,4-5 years,Region5,3,3,3,4,Manufacturing,2023-08-27_17:35:06-293
4,3,4,Group3,1-2 years,Region2,3,2,2,4,Manufacturing,2023-08-27_17:35:06-294
4,4,3,Group3,2-3 years,Region2,3,4,3,4,Manufacturing,2023-08-27_17:35:06-295
3,5,3,Group5,2-3 years,Region3,3,5,5,5,Manufacturing,2023-08-27_17:35:06-296
5,5,5,Group3,1-2 years,Region3,2,2,2,2,Construction,2023-08-27_17:35:06-297
4,4,4,Group3,2-3 years,Region4,3,3,3,3,Manufacturing,2023-08-27_17:35:06-298
3,4,4,Group3,3-4 years,Region3,3,4,3,2,Transportation and Warehousing,2023-08-27_17:35:06-299
4,4,4,Group4,2-3 years,Region3,4,3,2,2,Administrative and Support and Waste Management and Remediation Services,2023-08-27_17:35:06-300
4,4,4,Group3,3-4 years,Region3,3,4,3,4,Construction,2023-08-27_17:35:06-301
2,4,3,Group2,1-2 years,Region2,2,2,2,2,Transportation and Warehousing,2023-08-27_17:35:06-302
5,3,3,Group3,2-3 years,Region3,3,3,2,4,Administrative and Support and Waste Management and Remediation Services,2023-08-27_17:35:06-303
4,5,4,Group3,3-4 years,Region4,1,4,1,2,Administrative and Support and Waste Management and Remediation Services,2023-08-27_17:35:06-304
4,5,5,Group4,2-3 years,Region4,4,4,4,4,Manufacturing,2023-08-27_17:35:06-305
4,4,4,Group4,3-4 years,Region4,3,3,3,4,Manufacturing,2023-08-27_17:35:06-306
4,5,5,Group3,3-4 years,Region4,4,2,4,4,Other Services (except Public Administration),2023-08-27_17:35:06-307
3,3,2,Group2,1-2 years,Region2,1,1,1,1,Other Services (except Public Administration),2023-08-27_17:35:06-308
3,4,4,Group3,2-3 years,Region3,3,3,3,4,Administrative and Support and Waste Management and Remediation Services,2023-08-27_17:35:06-309
5,5,5,Group2,3-4 years,Region3,3,2,2,4,Administrative and Support and Waste Management and Remediation Services,2023-08-27_17:35:06-310
4,5,5,Group3,4-5 years,Region4,4,5,4,4,Administrative and Support and Waste Management and Remediation Services,2023-08-27_17:35:06-311
4,4,4,Group2,3-4 years,Region4,4,4,4,4,Manufacturing,2023-08-27_17:35:06-312
5,5,4,Group5,3-4 years,Region5,4,4,5,4,Construction,2023-08-27_17:35:06-313
4,4,4,Group3,2-3 years,Region3,4,2,3,3,"Mining, Quarrying, and Oil and Gas Extraction",2023-08-27_17:35:06-314
5,5,4,Group5,2-3 years,Region4,1,2,2,2,Manufacturing,2023-08-27_17:35:06-315
4,3,3,Group2,2-3 years,Region4,2,1,2,2,Construction,2023-08-27_17:35:06-316
4,4,4,Group3,2-3 years,Region4,2,2,4,4,Manufacturing,2023-08-27_17:35:06-317
4,5,5,Group4,4-5 years,Region5,5,5,4,4,Construction,2023-08-27_17:35:06-318
4,4,4,Group3,2-3 years,Region3,3,3,3,3,Health Care and Social Assistance,2023-08-27_17:35:06-319
4,5,4,Group4,3-4 years,Region3,2,5,2,2,Health Care and Social Assistance,2023-08-27_17:35:06-320
4,5,5,Group4,4-5 years,Region5,2,2,2,2,Manufacturing,2023-08-27_17:35:06-321
4,4,2,Group2,2-3 years,Region2,2,2,2,2,Manufacturing,2023-08-27_17:35:06-322
5,5,5,Group5,4-5 years,Region5,1,1,1,2,Manufacturing,2023-08-27_17:35:06-323
3,4,3,Group3,2-3 years,Region4,3,2,3,2,Manufacturing,2023-08-27_17:35:06-324
5,4,4,Group3,3-4 years,Region3,3,3,3,3,Manufacturing,2023-08-27_17:35:06-325
3,4,3,Group2,2-3 years,Region4,2,2,2,2,Manufacturing,2023-08-27_17:35:06-326
4,3,4,Group3,2-3 years,Region3,3,4,2,4,Construction,2023-08-27_17:35:06-327
4,5,4,Group5,3-4 years,Region5,3,4,4,4,Manufacturing,2023-08-27_17:35:06-328
4,4,4,Group3,1-2 years,Region2,2,4,2,5,"Professional, Scientific, and Technical Services",2023-08-27_17:35:06-329
4,3,4,Group3,2-3 years,Region4,3,2,3,4,Manufacturing,2023-08-27_17:35:06-330
4,4,4,Group4,1-2 years,Region4,4,4,2,1,Manufacturing,2023-08-27_17:35:06-331
5,4,4,Group4,3-4 years,Region4,2,2,2,4,Transportation and Warehousing,2023-08-27_17:35:06-332
3,3,4,Group3,3-4 years,Region4,3,2,2,3,Manufacturing,2023-08-27_17:35:06-333
4,5,4,Group5,3-4 years,Region4,4,4,4,3,Manufacturing,2023-08-27_17:35:06-334
5,4,4,Group2,2-3 years,Region3,4,2,2,3,Manufacturing,2023-08-27_17:35:06-335
5,5,5,Group4,3-4 years,Region4,1,4,3,3,"Professional, Scientific, and Technical Services",2023-08-27_17:35:06-336
5,3,4,Group4,2-3 years,Region4,2,4,4,3,Transportation and Warehousing,2023-08-27_17:35:06-337
4,3,3,Group4,1-2 years,Region3,2,2,2,4,Utilities,2023-08-27_17:35:06-338
4,4,2,Group2,1-2 years,Region2,2,2,2,2,Administrative and Support and Waste Management and Remediation Services,2023-08-27_17:35:06-339
3,2,2,Group3,1-2 years,Region3,2,2,2,2,Manufacturing,2023-08-27_17:35:06-340
5,4,4,Group3,1-2 years,Region3,1,2,1,2,Manufacturing,2023-08-27_17:35:06-341
3,4,3,Group2,1-2 years,Region3,4,3,3,3,"Professional, Scientific, and Technical Services",2023-08-27_17:35:06-342
4,4,4,Group3,2-3 years,Region4,2,4,3,2,Manufacturing,2023-08-27_17:35:06-343
4,5,5,Group3,4-5 years,Region5,5,5,5,5,Transportation and Warehousing,2023-08-27_17:35:06-344
3,4,2,Group3,1-2 years,Region2,2,2,2,2,Manufacturing,2023-08-27_17:35:06-345
4,5,5,Group2,2-3 years,Region3,3,1,1,2,"Professional, Scientific, and Technical Services",2023-08-27_17:35:06-346
4,5,3,Group4,3-4 years,Region3,3,2,3,3,Manufacturing,2023-08-27_17:35:06-347
4,4,4,Group3,3-4 years,Region5,2,3,3,1,Manufacturing,2023-08-27_17:35:06-348
3,4,3,Group3,2-3 years,Region3,3,3,3,3,Manufacturing,2023-08-27_17:35:06-349
4,2,2,Group2,1-2 years,Region2,4,2,1,3,"Professional, Scientific, and Technical Services",2023-08-27_17:35:06-350
4,4,3,Group2,3-4 years,Region4,3,3,3,3,Manufacturing,2023-08-27_17:35:06-351
4,4,4,Group3,2-3 years,Region4,4,3,3,3,Manufacturing,2023-08-27_17:35:06-352
4,4,3,Group4,2-3 years,Region4,4,4,3,4,Manufacturing,2023-08-27_17:35:06-353
4,4,4,Group4,2-3 years,Region3,2,3,3,1,Manufacturing,2023-08-27_17:35:06-354
3,4,3,Group3,1-2 years,Region2,3,2,2,2,"Professional, Scientific, and Technical Services",2023-08-27_17:35:06-355
4,5,4,Group3,1-2 years,Region4,3,3,3,2,Manufacturing,2023-08-27_17:35:06-356
4,2,3,Group3,1-2 years,Region2,2,2,2,2,Construction,2023-08-27_17:35:06-357
4,4,3,Group3,3-4 years,Region4,4,3,3,2,Management of Companies and Enterprises,2023-08-27_17:35:06-358
4,4,4,Group3,3-4 years,Region3,2,4,2,2,Manufacturing,2023-08-27_17:35:06-359
4,3,3,Group3,2-3 years,Region3,2,3,2,3,Manufacturing,2023-08-27_17:35:06-360
4,4,5,Group3,2-3 years,Region4,4,3,3,3,"Agriculture, Forestry, Fishing and Hunting",2023-08-27_17:35:06-361
5,5,4,Group4,3-4 years,Region3,1,3,1,2,Manufacturing,2023-08-27_17:35:06-362
3,4,3,Group2,3-4 years,Region2,2,1,2,3,Construction,2023-08-27_17:35:06-363
3,4,3,Group3,1-2 years,Region2,2,2,1,2,Other Services (except Public Administration),2023-08-27_17:35:06-364
4,4,4,Group2,1-2 years,Region3,2,2,2,3,"Agriculture, Forestry, Fishing and Hunting",2023-08-27_17:35:06-365
4,4,3,Group3,2-3 years,Region2,2,2,2,2,Administrative and Support and Waste Management and Remediation Services,2023-08-27_17:35:06-366
3,4,3,Group2,1-2 years,Region2,1,1,1,1,Manufacturing,2023-08-27_17:35:06-367
4,4,4,Group4,2-3 years,Region4,2,4,2,2,Manufacturing,2023-08-27_17:35:06-368
4,5,4,Group4,3-4 years,Region4,4,4,4,4,Transportation and Warehousing,2023-08-27_17:35:06-369
3,4,3,Group4,3-4 years,Region3,2,3,1,3,Manufacturing,2023-08-27_17:35:06-370
3,3,3,Group3,1-2 years,Region2,2,2,2,2,Manufacturing,2023-08-27_17:35:06-371
4,5,4,Group2,3-4 years,Region3,3,4,2,4,Transportation and Warehousing,2023-08-27_17:35:06-372
4,4,3,Group4,3-4 years,Region4,2,4,3,4,Manufacturing,2023-08-27_17:35:06-373
5,5,4,Group3,3-4 years,Region4,3,4,2,2,Manufacturing,2023-08-27_17:35:06-374
3,4,3,Group3,2-3 years,Region2,2,3,3,3,Manufacturing,2023-08-27_17:35:06-375
4,4,4,Group3,2-3 years,Region2,2,2,1,2,Manufacturing,2023-08-27_17:35:06-376
3,4,3,Group3,1-2 years,Region2,2,3,1,2,Utilities,2023-08-27_17:35:06-377
5,4,5,Group3,2-3 years,Region2,2,2,2,3,Manufacturing,2023-08-27_17:35:06-378
5,4,3,Group3,2-3 years,Region4,3,3,3,3,Administrative and Support and Waste Management and Remediation Services,2023-08-27_17:35:06-379
4,4,3,Group3,1-2 years,Region3,3,3,3,3,Manufacturing,2023-08-27_17:35:06-380
4,4,4,Group5,3-4 years,Region5,2,4,2,2,Manufacturing,2023-08-27_17:35:06-381
4,5,5,Group3,2-3 years,Region4,4,3,3,4,Manufacturing,2023-08-27_17:35:06-382
4,4,5,Group3,3-4 years,Region5,5,5,5,5,Educational Services,2023-08-27_17:35:06-383
5,5,4,Group3,2-3 years,Region4,1,2,1,2,Manufacturing,2023-08-27_17:35:06-384
3,4,2,Group2,1-2 years,Region3,1,2,2,4,Manufacturing,2023-08-27_17:35:06-385
4,4,4,Group4,2-3 years,Region3,3,3,3,2,Manufacturing,2023-08-27_17:35:06-386
4,4,4,Group3,3-4 years,Region4,2,4,3,3,Manufacturing,2023-08-27_17:35:06-387
5,4,5,Group3,3-4 years,Region4,3,4,5,4,Construction,2023-08-27_17:35:06-388
5,4,5,Group5,3-4 years,Region5,5,5,5,5,Administrative and Support and Waste Management and Remediation Services,2023-08-27_17:35:06-389
4,5,4,Group3,2-3 years,Region2,3,1,2,2,Manufacturing,2023-08-27_17:35:06-390
4,3,3,Group3,3-4 years,Region4,5,2,4,4,Manufacturing,2023-08-27_17:35:06-391
4,3,4,Group4,2-3 years,Region4,2,2,3,3,Manufacturing,2023-08-27_17:35:06-392
4,4,5,Group2,4-5 years,Region4,5,4,4,5,Manufacturing,2023-08-27_17:35:06-393
2,5,5,Group4,2-3 years,Region4,3,4,4,4,Construction,2023-08-27_17:35:06-394
4,4,4,Group4,2-3 years,Region3,2,1,2,2,Manufacturing,2023-08-27_17:35:06-395
3,2,4,Group5,1-2 years,Region1,1,1,1,1,Transportation and Warehousing,2023-08-27_17:35:06-396
5,5,5,Group3,4-5 years,Region5,5,5,5,5,Administrative and Support and Waste Management and Remediation Services,2023-08-27_17:35:06-397
5,5,5,Group5,4-5 years,Region5,4,4,4,2,Construction,2023-08-27_17:35:06-398
4,4,5,Group4,2-3 years,Region2,3,2,2,2,Transportation and Warehousing,2023-08-27_17:35:06-399
4,5,5,Group4,3-4 years,Region4,3,3,2,2,Administrative and Support and Waste Management and Remediation Services,2023-08-27_17:35:06-400
4,3,4,Group3,2-3 years,Region3,1,1,1,1,Administrative and Support and Waste Management and Remediation Services,2023-08-27_17:35:06-401
4,4,4,Group4,2-3 years,Region4,1,3,2,2,Manufacturing,2023-08-27_17:35:06-402
5,5,4,Group4,3-4 years,Region5,4,5,4,4,Manufacturing,2023-08-27_17:35:06-403
4,5,4,Group5,3-4 years,Region4,3,4,3,4,Other Services (except Public Administration),2023-08-27_17:35:06-404
4,5,4,Group3,3-4 years,Region4,3,3,3,4,Other Services (except Public Administration),2023-08-27_17:35:06-405
4,3,2,Group5,3-4 years,Region3,2,3,3,4,Administrative and Support and Waste Management and Remediation Services,2023-08-27_17:35:06-406
3,5,5,Group4,4-5 years,Region5,5,4,3,4,Administrative and Support and Waste Management and Remediation Services,2023-08-27_17:35:06-407
4,4,4,Group3,4-5 years,Region5,2,2,2,4,Administrative and Support and Waste Management and Remediation Services,2023-08-27_17:35:06-408
4,4,4,Group4,3-4 years,Region4,1,2,2,2,Manufacturing,2023-08-27_17:35:06-409
5,4,5,Group4,3-4 years,Region3,4,3,3,2,Construction,2023-08-27_17:35:06-410
3,4,4,Group1,2-3 years,Region2,4,5,4,3,"Mining, Quarrying, and Oil and Gas Extraction",2023-08-27_17:35:06-411
3,4,5,Group4,3-4 years,Region3,3,3,3,1,Manufacturing,2023-08-27_17:35:06-412
5,5,5,Group3,2-3 years,Region4,3,5,4,4,Construction,2023-08-27_17:35:06-413
4,3,3,Group3,2-3 years,Region3,2,2,2,3,Manufacturing,2023-08-27_17:35:06-414
4,2,3,Group4,2-3 years,Region3,2,2,2,2,Construction,2023-08-27_17:35:06-415
5,5,4,Group4,3-4 years,Region4,1,4,3,3,Health Care and Social Assistance,2023-08-27_17:35:06-416
4,4,4,Group3,3-4 years,Region4,4,4,4,3,Health Care and Social Assistance,2023-08-27_17:35:06-417
5,4,4,Group4,2-3 years,Region5,2,3,2,2,Manufacturing,2023-08-27_17:35:06-418
3,3,3,Group3,2-3 years,Region3,3,3,3,3,Other Services (except Public Administration),2023-08-27_17:35:06-419
4,4,5,Group4,4-5 years,Region4,2,1,1,1,Other Services (except Public Administration),2023-08-27_17:35:06-420
4,4,4,Group3,2-3 years,Region3,2,2,2,2,Administrative and Support and Waste Management and Remediation Services,2023-08-27_17:35:06-421
4,4,4,Group3,3-4 years,Region5,3,4,2,2,Administrative and Support and Waste Management and Remediation Services,2023-08-27_17:35:06-422
5,5,4,Group4,2-3 years,Region4,4,3,3,4,Administrative and Support and Waste Management and Remediation Services,2023-08-27_17:35:06-423
4,4,5,Group3,2-3 years,Region4,3,2,3,3,Manufacturing,2023-08-27_17:35:06-424
2,4,4,Group4,3-4 years,Region3,4,3,2,4,Construction,2023-08-27_17:35:06-425
4,3,4,Group3,3-4 years,Region4,5,4,4,3,"Mining, Quarrying, and Oil and Gas Extraction",2023-08-27_17:35:06-426
3,2,2,Group2,1-2 years,Region2,2,2,2,2,Manufacturing,2023-08-27_17:35:06-427
4,4,4,Group3,2-3 years,Region4,2,2,3,3,Construction,2023-08-27_17:35:06-428
4,4,4,Group2,2-3 years,Region3,2,3,2,2,Manufacturing,2023-08-27_17:35:06-429
4,4,4,Group3,2-3 years,Region2,2,4,3,3,Construction,2023-08-27_17:35:06-430
4,4,3,Group3,2-3 years,Region4,3,3,4,4,Health Care and Social Assistance,2023-08-27_17:35:06-431
3,4,4,Group2,1-2 years,Region2,2,2,2,1,Health Care and Social Assistance,2023-08-27_17:35:06-432
5,4,4,Group3,2-3 years,Region5,3,4,3,3,Manufacturing,2023-08-27_17:35:06-433
3,3,4,Group2,1-2 years,Region2,2,1,1,3,Other Services (except Public Administration),2023-08-27_17:35:06-434
4,4,4,Group3,2-3 years,Region4,2,2,2,2,Other Services (except Public Administration),2023-08-27_17:35:06-435
5,5,4,Group4,3-4 years,Region3,2,2,2,3,Administrative and Support and Waste Management and Remediation Services,2023-08-27_17:35:06-436
4,5,4,Group3,2-3 years,Region3,2,3,2,3,Administrative and Support and Waste Management and Remediation Services,2023-08-27_17:35:06-437
3,2,3,Group2,2-3 years,Region4,2,2,2,3,Administrative and Support and Waste Management and Remediation Services,2023-08-27_17:35:06-438
4,3,4,Group3,2-3 years,Region3,3,2,2,4,Manufacturing,2023-08-27_17:35:06-439
4,5,5,Group3,1-2 years,Region2,3,4,3,3,Construction,2023-08-27_17:35:06-440
4,5,5,Group5,4-5 years,Region5,2,4,2,4,"Mining, Quarrying, and Oil and Gas Extraction",2023-08-27_17:35:06-441
5,5,5,Group4,4-5 years,Region5,2,2,4,3,Manufacturing,2023-08-27_17:35:06-442
4,4,2,Group2,1-2 years,Region2,1,1,1,1,Construction,2023-08-27_17:35:06-443
5,5,5,Group2,2-3 years,Region3,1,1,1,1,Manufacturing,2023-08-27_17:35:06-444
4,4,4,Group2,2-3 years,Region3,1,1,1,2,Construction,2023-08-27_17:35:06-445
4,4,4,Group4,4-5 years,Region3,4,3,4,3,Health Care and Social Assistance,2023-08-27_17:35:06-446
5,5,4,Group3,3-4 years,Region4,4,5,5,3,Health Care and Social Assistance,2023-08-27_17:35:06-447
5,5,5,Group2,3-4 years,Region3,2,4,4,2,Manufacturing,2023-08-27_17:35:06-448
2,2,4,Group1,1-2 years,Region2,2,1,1,1,Manufacturing,2023-08-27_17:35:06-449
5,5,5,Group2,4-5 years,Region5,2,3,3,4,Manufacturing,2023-08-27_17:35:06-450
3,4,2,Group3,1-2 years,Region3,2,4,2,2,Manufacturing,2023-08-27_17:35:06-451
4,3,3,Group3,2-3 years,Region3,2,2,2,2,Manufacturing,2023-08-27_17:35:06-452
4,4,4,Group5,4-5 years,Region4,4,4,4,4,Manufacturing,2023-08-27_17:35:06-453
4,5,5,Group3,3-4 years,Region4,2,3,4,4,Construction,2023-08-27_17:35:06-454
4,4,2,Group3,1-2 years,Region2,1,2,2,3,Manufacturing,2023-08-27_17:35:06-455
5,4,4,Group3,2-3 years,Region3,3,3,4,4,"Professional, Scientific, and Technical Services",2023-08-27_17:35:06-456
5,5,5,Group5,4-5 years,Region5,2,2,1,1,Manufacturing,2023-08-27_17:35:06-457
3,4,4,Group3,3-4 years,Region3,2,2,1,1,Manufacturing,2023-08-27_17:35:06-458
4,5,5,Group4,4-5 years,Region4,5,4,2,2,Transportation and Warehousing,2023-08-27_17:35:06-459
4,4,4,Group3,1-2 years,Region3,1,1,1,2,Manufacturing,2023-08-27_17:35:06-460
4,2,2,Group2,1-2 years,Region2,2,2,2,2,Manufacturing,2023-08-27_17:35:06-461
4,4,4,Group3,2-3 years,Region3,3,4,4,3,Manufacturing,2023-08-27_17:35:06-462
4,4,5,Group3,3-4 years,Region4,4,4,4,4,"Professional, Scientific, and Technical Services",2023-08-27_17:35:06-463
4,3,3,Group2,1-2 years,Region4,2,2,2,2,Transportation and Warehousing,2023-08-27_17:35:06-464
4,3,3,Group3,1-2 years,Region2,1,1,1,1,Utilities,2023-08-27_17:35:06-465
4,4,4,Group3,2-3 years,Region3,2,2,2,2,Administrative and Support and Waste Management and Remediation Services,2023-08-27_17:35:06-466
4,4,4,Group4,3-4 years,Region4,3,3,3,2,Manufacturing,2023-08-27_17:35:06-467
4,3,2,Group2,1-2 years,Region2,2,4,3,2,Manufacturing,2023-08-27_17:35:06-468
4,4,4,Group3,2-3 years,Region3,2,2,2,3,"Professional, Scientific, and Technical Services",2023-08-27_17:35:06-469
3,3,2,Group2,1-2 years,Region2,2,2,2,2,Manufacturing,2023-08-27_17:35:06-470
4,4,4,Group4,3-4 years,Region4,3,4,4,4,Transportation and Warehousing,2023-08-27_17:35:06-471
5,5,5,Group3,2-3 years,Region3,1,1,1,1,Manufacturing,2023-08-27_17:35:06-472
4,4,4,Group2,2-3 years,Region2,2,1,2,3,"Professional, Scientific, and Technical Services",2023-08-27_17:35:06-473
4,5,4,Group3,3-4 years,Region3,5,4,3,3,Manufacturing,2023-08-27_17:35:06-474
4,3,4,Group3,1-2 years,Region3,3,2,2,3,Manufacturing,2023-08-27_17:35:06-475
4,4,4,Group3,2-3 years,Region3,2,2,2,2,Manufacturing,2023-08-27_17:35:06-476
3,4,4,Group2,2-3 years,Region4,2,1,2,3,"Professional, Scientific, and Technical Services",2023-08-27_17:35:06-477
4,4,5,Group4,2-3 years,Region4,2,1,1,1,Manufacturing,2023-08-27_17:35:06-478
4,4,4,Group2,2-3 years,Region4,2,4,2,4,Manufacturing,2023-08-27_17:35:06-479
5,5,4,Group4,3-4 years,Region4,2,2,2,2,Manufacturing,2023-08-27_17:35:06-480
3,4,3,Group3,2-3 years,Region3,3,3,3,3,Manufacturing,2023-08-27_17:35:06-481
4,5,5,Group4,3-4 years,Region4,2,3,2,1,"Professional, Scientific, and Technical Services",2023-08-27_17:35:06-482
4,4,4,Group3,2-3 years,Region4,2,4,3,3,Manufacturing,2023-08-27_17:35:06-483
4,3,3,Group2,2-3 years,Region3,2,2,2,2,Construction,2023-08-27_17:35:06-484
3,3,2,Group2,0-1 years,Region1,3,3,2,3,Management of Companies and Enterprises,2023-08-27_17:35:06-485
5,5,5,Group3,3-4 years,Region4,4,2,2,3,Manufacturing,2023-08-27_17:35:06-486
4,4,4,Group3,2-3 years,Region4,4,2,4,3,Manufacturing,2023-08-27_17:35:06-487
4,4,3,Group2,2-3 years,Region2,2,2,2,2,"Agriculture, Forestry, Fishing and Hunting",2023-08-27_17:35:06-488
4,4,4,Group2,2-3 years,Region2,2,3,3,2,Manufacturing,2023-08-27_17:35:06-489
4,4,2,Group2,1-2 years,Region2,2,2,3,2,Construction,2023-08-27_17:35:06-490
3,3,4,Group2,2-3 years,Region4,2,2,2,2,Other Services (except Public Administration),2023-08-27_17:35:06-491
3,4,3,Group3,1-2 years,Region2,2,2,2,2,"Agriculture, Forestry, Fishing and Hunting",2023-08-27_17:35:06-492
4,4,4,Group3,3-4 years,Region5,4,4,4,4,Administrative and Support and Waste Management and Remediation Services,2023-08-27_17:35:06-493
5,5,4,Group4,2-3 years,Region4,2,2,2,4,Manufacturing,2023-08-27_17:35:06-494
4,4,3,Group2,2-3 years,Region3,3,2,2,2,Manufacturing,2023-08-27_17:35:06-495
4,4,3,Group3,2-3 years,Region3,3,4,3,3,Transportation and Warehousing,2023-08-27_17:35:06-496
5,5,4,Group4,4-5 years,Region5,4,4,4,5,Manufacturing,2023-08-27_17:35:06-497
4,4,4,Group3,1-2 years,Region4,2,3,3,4,Manufacturing,2023-08-27_17:35:06-498
4,4,4,Group3,1-2 years,Region3,2,3,3,3,Transportation and Warehousing,2023-08-27_17:35:06-499
3,4,2,Group2,0-1 years,Region2,3,3,3,3,Manufacturing,2023-08-27_17:35:06-500
4,5,5,Group3,2-3 years,Region4,1,2,4,3,Manufacturing,2023-08-27_17:35:06-501
3,4,3,Group3,2-3 years,Region3,2,2,3,3,Manufacturing,2023-08-27_17:35:06-502
4,4,3,Group3,2-3 years,Region4,4,4,3,4,Manufacturing,2023-08-27_17:35:06-503
5,5,5,Group3,2-3 years,Region4,5,1,3,4,Utilities,2023-08-27_17:35:06-504
4,3,4,Group3,3-4 years,Region3,3,2,2,2,Manufacturing,2023-08-27_17:35:06-505
4,5,4,Group3,2-3 years,Region4,3,3,3,3,Administrative and Support and Waste Management and Remediation Services,2023-08-27_17:35:06-506
4,4,3,Group4,3-4 years,Region5,3,2,2,3,Manufacturing,2023-08-27_17:35:06-507
4,4,4,Group3,2-3 years,Region3,2,2,2,2,Manufacturing,2023-08-27_17:35:06-508
4,4,4,Group2,3-4 years,Region5,2,2,2,2,Manufacturing,2023-08-27_17:35:06-509
4,5,5,Group3,4-5 years,Region5,2,4,3,3,Educational Services,2023-08-27_17:35:06-510
3,3,3,Group2,1-2 years,Region3,1,2,2,2,Manufacturing,2023-08-27_17:35:06-511
3,4,3,Group2,1-2 years,Region5,2,4,2,3,Manufacturing,2023-08-27_17:35:06-512
4,5,5,Group4,2-3 years,Region4,3,4,4,4,Manufacturing,2023-08-27_17:35:06-513
4,4,3,Group2,2-3 years,Region3,2,2,2,2,Manufacturing,2023-08-27_17:35:06-514
4,5,4,Group2,1-2 years,Region4,1,1,1,1,Construction,2023-08-27_17:35:06-515
5,5,5,Group3,2-3 years,Region5,1,2,3,3,Administrative and Support and Waste Management and Remediation Services,2023-08-27_17:35:06-516
4,4,3,Group3,2-3 years,Region4,3,4,3,3,Manufacturing,2023-08-27_17:35:06-517
4,4,3,Group4,3-4 years,Region3,2,3,2,2,Manufacturing,2023-08-27_17:35:06-518
3,4,2,Group1,0-1 years,Region1,1,1,1,4,Manufacturing,2023-08-27_17:35:06-519
4,4,3,Group3,2-3 years,Region3,2,3,3,2,Manufacturing,2023-08-27_17:35:06-520
3,3,2,Group2,2-3 years,Region3,1,1,2,2,Construction,2023-08-27_17:35:06-521
4,4,4,Group2,1-2 years,Region2,2,2,2,2,Manufacturing,2023-08-27_17:35:06-522
4,3,4,Group3,1-2 years,Region3,2,2,2,3,Transportation and Warehousing,2023-08-27_17:35:06-523
4,3,3,Group3,2-3 years,Region3,2,2,2,2,Administrative and Support and Waste Management and Remediation Services,2023-08-27_17:35:06-524
4,5,4,Group3,1-2 years,Region2,3,4,3,2,Construction,2023-08-27_17:35:06-525
2,3,3,Group2,2-3 years,Region2,2,2,2,2,Transportation and Warehousing,2023-08-27_17:35:06-526
4,5,4,Group3,2-3 years,Region3,2,2,2,2,Administrative and Support and Waste Management and Remediation Services,2023-08-27_17:35:06-527
4,5,5,Group4,4-5 years,Region5,4,2,4,5,Administrative and Support and Waste Management and Remediation Services,2023-08-27_17:35:06-528
4,5,5,Group1,1-2 years,Region5,2,2,2,4,Manufacturing,2023-08-27_17:35:06-529
4,4,4,Group3,3-4 years,Region3,3,3,2,2,Manufacturing,2023-08-27_17:35:06-530
4,5,4,Group2,1-2 years,Region2,2,3,3,3,Other Services (except Public Administration),2023-08-27_17:35:06-531
4,4,3,Group3,1-2 years,Region2,3,2,2,2,Other Services (except Public Administration),2023-08-27_17:35:06-532
4,5,5,Group4,2-3 years,Region4,4,4,4,4,Administrative and Support and Waste Management and Remediation Services,2023-08-27_17:35:06-533
5,4,4,Group3,2-3 years,Region1,1,1,1,3,Administrative and Support and Waste Management and Remediation Services,2023-08-27_17:35:06-534
4,4,5,Group3,3-4 years,Region4,2,2,2,3,Administrative and Support and Waste Management and Remediation Services,2023-08-27_17:35:06-535
4,4,4,Group3,3-4 years,Region3,3,2,2,2,Manufacturing,2023-08-27_17:35:06-536
4,5,3,Group4,2-3 years,Region3,3,2,2,3,Construction,2023-08-27_17:35:06-537
4,4,4,Group4,3-4 years,Region4,2,2,2,2,"Mining, Quarrying, and Oil and Gas Extraction",2023-08-27_17:35:06-538
4,3,2,Group2,1-2 years,Region3,3,2,1,2,Manufacturing,2023-08-27_17:35:06-539
4,4,4,Group3,3-4 years,Region3,1,1,1,1,Construction,2023-08-27_17:35:06-540
4,4,4,Group3,3-4 years,Region4,3,2,2,2,Manufacturing,2023-08-27_17:35:06-541
3,4,4,Group3,2-3 years,Region3,2,4,3,3,Construction,2023-08-27_17:35:06-542
4,5,4,Group4,2-3 years,Region4,3,3,3,4,Health Care and Social Assistance,2023-08-27_17:35:06-543
5,5,5,Group3,3-4 years,Region3,4,3,4,5,Health Care and Social Assistance,2023-08-27_17:35:06-544
3,4,4,Group3,1-2 years,Region4,2,3,2,2,Manufacturing,2023-08-27_17:35:06-545
3,3,3,Group3,1-2 years,Region2,3,3,3,3,Manufacturing,2023-08-27_17:35:06-546
4,4,4,Group2,2-3 years,Region3,2,3,2,3,Manufacturing,2023-08-27_17:35:06-547
4,3,4,Group4,3-4 years,Region4,4,4,4,4,Manufacturing,2023-08-27_17:35:06-548
3,3,2,Group2,1-2 years,Region2,1,1,1,1,Manufacturing,2023-08-27_17:35:06-549
4,4,4,Group3,2-3 years,Region4,4,3,3,3,Manufacturing,2023-08-27_17:35:06-550
4,4,4,Group3,2-3 years,Region3,2,2,1,2,Construction,2023-08-27_17:35:06-551
4,4,4,Group2,2-3 years,Region3,2,2,2,2,Manufacturing,2023-08-27_17:35:06-552
4,4,4,Group3,2-3 years,Region4,3,2,2,2,"Professional, Scientific, and Technical Services",2023-08-27_17:35:06-553
3,3,3,Group2,2-3 years,Region4,1,3,1,2,Manufacturing,2023-08-27_17:35:06-554
4,3,4,Group3,3-4 years,Region3,1,3,2,3,Manufacturing,2023-08-27_17:35:06-555
3,3,3,Group3,2-3 years,Region2,2,2,2,2,Transportation and Warehousing,2023-08-27_17:35:06-556
4,4,4,Group2,1-2 years,Region2,2,2,2,2,Manufacturing,2023-08-27_17:35:06-557
4,4,4,Group3,2-3 years,Region3,2,4,3,3,Manufacturing,2023-08-27_17:35:06-558
3,4,3,Group3,3-4 years,Region3,3,4,4,4,Manufacturing,2023-08-27_17:35:06-559
5,5,5,Group4,4-5 years,Region3,2,2,2,2,"Professional, Scientific, and Technical Services",2023-08-27_17:35:06-560
5,5,3,Group4,2-3 years,Region5,1,4,2,4,Transportation and Warehousing,2023-08-27_17:35:06-561
4,3,4,Group3,2-3 years,Region4,4,2,3,3,Utilities,2023-08-27_17:35:06-562
4,4,2,Group2,1-2 years,Region4,1,2,1,2,Administrative and Support and Waste Management and Remediation Services,2023-08-27_17:35:06-563
5,4,5,Group5,3-4 years,Region5,2,1,1,1,Manufacturing,2023-08-27_17:35:06-564
4,5,4,Group4,3-4 years,Region5,3,4,3,3,Manufacturing,2023-08-27_17:35:06-565
4,4,4,Group3,2-3 years,Region4,1,2,2,1,"Professional, Scientific, and Technical Services",2023-08-27_17:35:06-566
4,5,5,Group4,3-4 years,Region3,2,4,4,4,Manufacturing,2023-08-27_17:35:06-567
4,4,3,Group3,2-3 years,Region4,2,2,2,2,Transportation and Warehousing,2023-08-27_17:35:06-568
5,5,4,Group5,4-5 years,Region5,4,3,3,5,Manufacturing,2023-08-27_17:35:06-569
3,3,2,Group1,0-1 years,Region1,1,1,1,1,"Professional, Scientific, and Technical Services",2023-08-27_17:35:06-570
4,4,3,Group2,1-2 years,Region4,2,2,2,2,Manufacturing,2023-08-27_17:35:06-571
3,4,4,Group2,3-4 years,Region4,1,3,1,1,Manufacturing,2023-08-27_17:35:06-572
5,5,5,Group3,2-3 years,Region3,2,2,2,2,Manufacturing,2023-08-27_17:35:06-573
3,3,3,Group3,2-3 years,Region3,1,1,1,3,"Professional, Scientific, and Technical Services",2023-08-27_17:35:06-574
4,3,4,Group2,3-4 years,Region4,4,4,2,4,Manufacturing,2023-08-27_17:35:06-575
4,5,4,Group3,4-5 years,Region4,3,3,3,3,Manufacturing,2023-08-27_17:35:06-576
4,4,4,Group2,1-2 years,Region4,2,2,4,3,Manufacturing,2023-08-27_17:35:06-577
5,4,4,Group3,3-4 years,Region4,3,3,3,4,Manufacturing,2023-08-27_17:35:06-578
4,3,4,Group2,2-3 years,Region3,2,3,3,3,"Professional, Scientific, and Technical Services",2023-08-27_17:35:06-579
3,4,4,Group3,2-3 years,Region4,2,2,2,2,Manufacturing,2023-08-27_17:35:06-580
5,5,4,Group4,3-4 years,Region4,2,2,2,2,Construction,2023-08-27_17:35:06-581
5,5,4,Group4,2-3 years,Region3,3,3,3,4,Management of Companies and Enterprises,2023-08-27_17:35:06-582
5,5,5,Group4,3-4 years,Region3,1,2,2,1,Manufacturing,2023-08-27_17:35:06-583
4,4,4,Group3,2-3 years,Region4,3,3,3,4,Manufacturing,2023-08-27_17:35:06-584
5,4,5,Group4,3-4 years,Region3,3,3,3,3,"Agriculture, Forestry, Fishing and Hunting",2023-08-27_17:35:06-585
2,4,4,Group4,3-4 years,Region4,3,4,3,4,Manufacturing,2023-08-27_17:35:06-586
2,2,2,Group2,1-2 years,Region2,2,2,2,2,Construction,2023-08-27_17:35:06-587
4,4,3,Group3,2-3 years,Region3,3,4,3,3,Other Services (except Public Administration),2023-08-27_17:35:06-588
4,4,3,Group4,2-3 years,Region4,2,4,2,3,"Agriculture, Forestry, Fishing and Hunting",2023-08-27_17:35:06-589
5,4,5,Group3,4-5 years,Region5,5,5,5,5,Administrative and Support and Waste Management and Remediation Services,2023-08-27_17:35:06-590
5,4,5,Group4,2-3 years,Region3,3,2,3,3,Manufacturing,2023-08-27_17:35:06-591
4,5,4,Group3,3-4 years,Region3,4,3,3,4,Manufacturing,2023-08-27_17:35:06-592
4,5,5,Group4,3-4 years,Region4,4,4,4,2,Transportation and Warehousing,2023-08-27_17:35:06-593
3,4,5,Group3,2-3 years,Region4,3,3,3,3,Manufacturing,2023-08-27_17:35:06-594
4,5,5,Group5,2-3 years,Region4,2,4,2,1,Manufacturing,2023-08-27_17:35:06-595
4,3,4,Group4,4-5 years,Region5,5,5,5,5,Transportation and Warehousing,2023-08-27_17:35:06-596
4,5,4,Group3,1-2 years,Region2,2,4,3,3,Manufacturing,2023-08-27_17:35:06-597
4,3,3,Group3,2-3 years,Region2,2,3,3,2,Manufacturing,2023-08-27_17:35:06-598
4,4,4,Group3,3-4 years,Region3,2,3,3,3,Manufacturing,2023-08-27_17:35:06-599
4,3,3,Group1,2-3 years,Region1,1,1,1,1,Manufacturing,2023-08-27_17:35:06-600
4,4,4,Group2,1-2 years,Region2,2,2,2,2,Utilities,2023-08-27_17:35:06-601
4,4,4,Group2,2-3 years,Region4,1,1,1,1,Manufacturing,2023-08-27_17:35:06-602
3,3,4,Group3,2-3 years,Region3,2,2,2,2,Administrative and Support and Waste Management and Remediation Services,2023-08-27_17:35:06-603
3,4,3,Group2,2-3 years,Region3,2,2,2,2,Manufacturing,2023-08-27_17:35:06-604
5,4,4,Group3,2-3 years,Region4,4,4,4,3,Manufacturing,2023-08-27_17:35:06-605
4,4,3,Group3,2-3 years,Region4,2,2,2,2,Manufacturing,2023-08-27_17:35:06-606
4,4,4,Group4,3-4 years,Region4,3,4,3,4,Educational Services,2023-08-27_17:35:06-607
4,4,4,Group2,3-4 years,Region2,2,2,3,2,Manufacturing,2023-08-27_17:35:06-608
4,3,2,Group2,1-2 years,Region3,1,1,1,2,Manufacturing,2023-08-27_17:35:06-609
4,5,5,Group3,3-4 years,Region4,2,4,4,2,Manufacturing,2023-08-27_17:35:06-610
4,4,5,Group3,0-1 years,Region1,2,4,2,4,Manufacturing,2023-08-27_17:35:06-611
2,2,2,Group1,0-1 years,Region1,2,1,1,1,Construction,2023-08-27_17:35:06-612
4,4,5,Group3,2-3 years,Region4,2,3,3,4,Administrative and Support and Waste Management and Remediation Services,2023-08-27_17:35:06-613
5,5,5,Group2,3-4 years,Region4,2,2,3,4,Manufacturing,2023-08-27_17:35:06-614
4,5,4,Group3,2-3 years,Region3,2,2,2,3,Manufacturing,2023-08-27_17:35:06-615
2,1,1,Group1,0-1 years,Region2,1,1,1,2,Manufacturing,2023-08-27_17:35:06-616
3,3,3,Group2,1-2 years,Region2,2,1,2,3,Manufacturing,2023-08-27_17:35:06-617
5,5,5,Group4,3-4 years,Region3,2,2,2,3,Construction,2023-08-27_17:35:06-618
4,3,4,Group3,2-3 years,Region5,2,3,2,2,Manufacturing,2023-08-27_17:35:06-619
3,4,4,Group3,3-4 years,Region4,3,3,3,3,Transportation and Warehousing,2023-08-27_17:35:06-620
3,2,4,Group2,0-1 years,Region1,1,2,2,3,Administrative and Support and Waste Management and Remediation Services,2023-08-27_17:35:06-621
4,5,4,Group3,3-4 years,Region4,2,4,3,3,Construction,2023-08-27_17:35:06-622
3,3,2,Group1,2-3 years,Region3,3,2,3,3,Transportation and Warehousing,2023-08-27_17:35:06-623
3,4,3,Group3,2-3 years,Region3,3,2,3,2,Administrative and Support and Waste Management and Remediation Services,2023-08-27_17:35:06-624
5,5,4,Group3,2-3 years,Region3,2,3,3,4,Administrative and Support and Waste Management and Remediation Services,2023-08-27_17:35:06-625
4,4,4,Group3,3-4 years,Region4,2,2,2,3,Manufacturing,2023-08-27_17:35:06-626
4,4,3,Group4,2-3 years,Region3,2,3,3,3,Manufacturing,2023-08-27_17:35:06-627
2,4,2,Group2,1-2 years,Region2,4,2,2,2,Other Services (except Public Administration),2023-08-27_17:35:06-628
4,4,4,Group4,3-4 years,Region4,4,3,3,3,Other Services (except Public Administration),2023-08-27_17:35:06-629
4,5,4,Group4,3-4 years,Region4,3,4,3,3,Administrative and Support and Waste Management and Remediation Services,2023-08-27_17:35:06-630
3,3,3,Group3,1-2 years,Region2,2,4,3,3,Administrative and Support and Waste Management and Remediation Services,2023-08-27_17:35:06-631
4,4,4,Group4,3-4 years,Region4,2,2,2,3,Administrative and Support and Waste Management and Remediation Services,2023-08-27_17:35:06-632
4,3,3,Group2,0-1 years,Region1,1,1,2,2,Manufacturing,2023-08-27_17:35:06-633
4,4,4,Group3,2-3 years,Region4,2,2,2,2,Construction,2023-08-27_17:35:06-634
5,5,5,Group4,3-4 years,Region5,2,2,2,3,"Mining, Quarrying, and Oil and Gas Extraction",2023-08-27_17:35:06-635
4,4,3,Group3,2-3 years,Region3,2,4,3,2,Manufacturing,2023-08-27_17:35:06-636
4,4,4,Group3,2-3 years,Region3,3,3,3,3,Construction,2023-08-27_17:35:06-637
4,4,4,Group3,2-3 years,Region3,3,2,3,4,Manufacturing,2023-08-27_17:35:06-638
3,4,4,Group2,1-2 years,Region2,2,4,2,2,Construction,2023-08-27_17:35:06-639
